{"meta":{"app":"https://ctjs.rocks/","version":"5.2.1","image":"a0.4cc25cffe1.webp","format":"RGBA8888","size":{"w":512,"h":512},"scale":"1"},"frames":{"PlatformChar_Idle@frame0":{"frame":{"x":1,"y":1,"w":86,"h":80},"rotated":false,"trimmed":false,"spriteSourceSize":{"x":0,"y":0,"w":86,"h":80},"sourceSize":{"w":86,"h":80},"anchor":{"x":0.5,"y":1},"shape":{"type":"rect","top":69,"bottom":0,"left":24,"right":24}},"PlatformChar_Jump@frame0":{"frame":{"x":89,"y":1,"w":86,"h":80},"rotated":false,"trimmed":false,"spriteSourceSize":{"x":0,"y":0,"w":86,"h":80},"sourceSize":{"w":86,"h":80},"anchor":{"x":0.5,"y":1},"shape":{"type":"rect","top":69,"bottom":0,"left":24,"right":24}},"PlatformChar_Walk1@frame0":{"frame":{"x":1,"y":83,"w":86,"h":80},"rotated":false,"trimmed":false,"spriteSourceSize":{"x":0,"y":0,"w":86,"h":80},"sourceSize":{"w":86,"h":80},"anchor":{"x":0.5,"y":1},"shape":{"type":"rect","top":69,"bottom":0,"left":24,"right":24}},"PlatformChar_Walk1@frame1":{"frame":{"x":1,"y":165,"w":86,"h":80},"rotated":false,"trimmed":false,"spriteSourceSize":{"x":0,"y":0,"w":86,"h":80},"sourceSize":{"w":86,"h":80},"anchor":{"x":0.5,"y":1},"shape":{"type":"rect","top":69,"bottom":0,"left":24,"right":24}},"PlatformPack_Item09@frame0":{"frame":{"x":177,"y":1,"w":64,"h":64},"rotated":false,"trimmed":false,"spriteSourceSize":{"x":0,"y":0,"w":64,"h":64},"sourceSize":{"w":64,"h":64},"anchor":{"x":0.5,"y":0.5},"shape":{"type":"circle","r":15}},"PlatformPack_Item17@frame0":{"frame":{"x":177,"y":67,"w":64,"h":64},"rotated":false,"trimmed":false,"spriteSourceSize":{"x":0,"y":0,"w":64,"h":64},"sourceSize":{"w":64,"h":64},"anchor":{"x":0.5,"y":0.5},"shape":{"type":"circle","r":14}},"PlatformPack_Tile05@frame0":{"frame":{"x":89,"y":83,"w":64,"h":64},"rotated":false,"trimmed":false,"spriteSourceSize":{"x":0,"y":0,"w":64,"h":64},"sourceSize":{"w":64,"h":64},"anchor":{"x":0,"y":0},"shape":{"type":"rect","top":0,"bottom":64,"left":0,"right":64}},"PlatformPack_Tile13@frame0":{"frame":{"x":155,"y":133,"w":64,"h":64},"rotated":false,"trimmed":false,"spriteSourceSize":{"x":0,"y":0,"w":64,"h":64},"sourceSize":{"w":64,"h":64},"anchor":{"x":0,"y":0},"shape":{"type":"rect","top":0,"bottom":64,"left":0,"right":64}},"PlatformPack_Tile16@frame0":{"frame":{"x":89,"y":149,"w":64,"h":64},"rotated":false,"trimmed":false,"spriteSourceSize":{"x":0,"y":0,"w":64,"h":64},"sourceSize":{"w":64,"h":64},"anchor":{"x":0,"y":0},"shape":{"type":"rect","top":0,"bottom":64,"left":0,"right":64}},"PlatformPack_Tile17@frame0":{"frame":{"x":1,"y":247,"w":64,"h":64},"rotated":false,"trimmed":false,"spriteSourceSize":{"x":0,"y":0,"w":64,"h":64},"sourceSize":{"w":64,"h":64},"anchor":{"x":0,"y":0},"shape":{"type":"rect","top":0,"bottom":64,"left":0,"right":64}},"PlatformPack_Tile19@frame0":{"frame":{"x":1,"y":313,"w":64,"h":64},"rotated":false,"trimmed":false,"spriteSourceSize":{"x":0,"y":0,"w":64,"h":64},"sourceSize":{"w":64,"h":64},"anchor":{"x":0,"y":0},"shape":{"type":"rect","top":0,"bottom":64,"left":0,"right":64}},"PlatformPack_Tile21@frame0":{"frame":{"x":1,"y":379,"w":64,"h":64},"rotated":false,"trimmed":false,"spriteSourceSize":{"x":0,"y":0,"w":64,"h":64},"sourceSize":{"w":64,"h":64},"anchor":{"x":0,"y":0},"shape":{"type":"rect","top":0,"bottom":64,"left":0,"right":64}},"PlatformPack_Tile31@frame0":{"frame":{"x":1,"y":445,"w":64,"h":64},"rotated":false,"trimmed":false,"spriteSourceSize":{"x":0,"y":0,"w":64,"h":64},"sourceSize":{"w":64,"h":64},"anchor":{"x":0,"y":0},"shape":{"type":"rect","top":0,"bottom":40,"left":0,"right":64}},"PlatformPack_Tile39@frame0":{"frame":{"x":67,"y":247,"w":64,"h":64},"rotated":false,"trimmed":false,"spriteSourceSize":{"x":0,"y":0,"w":64,"h":64},"sourceSize":{"w":64,"h":64},"anchor":{"x":0,"y":0},"shape":{"type":"rect","top":0,"bottom":64,"left":0,"right":64}},"PlatformPack_Tile43@frame0":{"frame":{"x":67,"y":313,"w":64,"h":64},"rotated":false,"trimmed":false,"spriteSourceSize":{"x":0,"y":0,"w":64,"h":64},"sourceSize":{"w":64,"h":64},"anchor":{"x":0,"y":0},"shape":{"type":"rect","top":-30,"bottom":64,"left":0,"right":64}},"PlatformPack_Tile51@frame0":{"frame":{"x":67,"y":379,"w":64,"h":64},"rotated":false,"trimmed":false,"spriteSourceSize":{"x":0,"y":0,"w":64,"h":64},"sourceSize":{"w":64,"h":64},"anchor":{"x":0,"y":0},"shape":{"type":"rect","top":0,"bottom":64,"left":0,"right":64}},"Smoke@frame0":{"frame":{"x":67,"y":445,"w":51,"h":48},"rotated":false,"trimmed":false,"spriteSourceSize":{"x":0,"y":0,"w":51,"h":48},"sourceSize":{"w":51,"h":48},"anchor":{"x":0,"y":0},"shape":{"type":"rect","top":0,"bottom":48,"left":0,"right":51}}},"animations":{"PlatformChar_Idle":["PlatformChar_Idle@frame0"],"PlatformChar_Jump":["PlatformChar_Jump@frame0"],"PlatformChar_Walk1":["PlatformChar_Walk1@frame0","PlatformChar_Walk1@frame1"],"PlatformPack_Item09":["PlatformPack_Item09@frame0"],"PlatformPack_Item17":["PlatformPack_Item17@frame0"],"PlatformPack_Tile05":["PlatformPack_Tile05@frame0"],"PlatformPack_Tile13":["PlatformPack_Tile13@frame0"],"PlatformPack_Tile16":["PlatformPack_Tile16@frame0"],"PlatformPack_Tile17":["PlatformPack_Tile17@frame0"],"PlatformPack_Tile19":["PlatformPack_Tile19@frame0"],"PlatformPack_Tile21":["PlatformPack_Tile21@frame0"],"PlatformPack_Tile31":["PlatformPack_Tile31@frame0"],"PlatformPack_Tile39":["PlatformPack_Tile39@frame0"],"PlatformPack_Tile43":["PlatformPack_Tile43@frame0"],"PlatformPack_Tile51":["PlatformPack_Tile51@frame0"],"Smoke":["Smoke@frame0"]}}